{"cameraMode":{"drawMode":0,"name":"Shaded","section":"Shading Mode"},"sceneLighting":true,"audioPlay":false,"sceneViewState":{"m_AlwaysRefresh":false,"showFog":true,"showSkybox":true,"showFlares":true,"showImageEffects":true,"showParticleSystems":true,"showVisualEffectGraphs":true,"m_FxEnabled":true},"in2DMode":false,"pivot":{"x":1.6139198541641236,"y":-1.1736977100372315,"z":-0.12621355056762696},"rotation":{"x":-0.17033572494983674,"y":-0.7229451537132263,"z":0.19233384728431703,"w":-0.6414823532104492},"size":4.706355094909668,"orthographic":false}