{"cameraMode":{"drawMode":0,"name":"Shaded","section":"Shading Mode"},"sceneLighting":true,"audioPlay":false,"sceneViewState":{"m_AlwaysRefresh":false,"showFog":true,"showSkybox":true,"showFlares":true,"showImageEffects":true,"showParticleSystems":true,"showVisualEffectGraphs":true,"m_FxEnabled":true},"in2DMode":false,"pivot":{"x":1.1603310108184815,"y":0.24473154544830323,"z":-0.2603189945220947},"rotation":{"x":-0.0035684381145983936,"y":-0.9894008636474609,"z":0.1437837928533554,"w":-0.02526259794831276},"size":1.402151346206665,"orthographic":false}