{"cameraMode":{"drawMode":0,"name":"Shaded","section":"Shading Mode"},"sceneLighting":true,"audioPlay":false,"sceneViewState":{"m_AlwaysRefresh":false,"showFog":true,"showSkybox":true,"showFlares":true,"showImageEffects":true,"showParticleSystems":true,"showVisualEffectGraphs":true,"m_FxEnabled":true},"in2DMode":false,"pivot":{"x":0.2509668469429016,"y":1.4101688861846924,"z":-1.5232436656951905},"rotation":{"x":0.0719275251030922,"y":-0.0647030919790268,"z":0.007688696496188641,"w":0.9956444501876831},"size":1.3792493343353272,"orthographic":false}