{"cameraMode":{"drawMode":0,"name":"Shaded","section":"Shading Mode"},"sceneLighting":true,"audioPlay":false,"sceneViewState":{"m_AlwaysRefresh":false,"showFog":true,"showSkybox":true,"showFlares":true,"showImageEffects":true,"showParticleSystems":true,"showVisualEffectGraphs":true,"m_FxEnabled":true},"in2DMode":false,"pivot":{"x":0.24576818943023683,"y":0.24840962886810304,"z":3.447258710861206},"rotation":{"x":0.0719275251030922,"y":-0.0647030919790268,"z":0.007688696496188641,"w":0.9956444501876831},"size":5.291743278503418,"orthographic":false}