{"cameraMode":{"drawMode":0,"name":"Shaded","section":"Shading Mode"},"sceneLighting":true,"audioPlay":false,"sceneViewState":{"m_AlwaysRefresh":false,"showFog":true,"showSkybox":true,"showFlares":true,"showImageEffects":true,"showParticleSystems":true,"showVisualEffectGraphs":true,"m_FxEnabled":true},"in2DMode":false,"pivot":{"x":1.1603310108184815,"y":0.24473154544830323,"z":-0.2603189945220947},"rotation":{"x":-0.07566391676664353,"y":-0.7430265545845032,"z":0.08537124842405319,"w":-0.6596463918685913},"size":2.3021512031555177,"orthographic":false}