{"cameraMode":{"drawMode":0,"name":"Shaded","section":"Shading Mode"},"sceneLighting":true,"audioPlay":false,"sceneViewState":{"m_AlwaysRefresh":false,"showFog":true,"showSkybox":true,"showFlares":true,"showImageEffects":true,"showParticleSystems":true,"showVisualEffectGraphs":true,"m_FxEnabled":true},"in2DMode":false,"pivot":{"x":-0.11729806661605835,"y":0.9943719506263733,"z":1.3057911396026612},"rotation":{"x":0.052009206265211108,"y":-0.5590521097183228,"z":0.0387507900595665,"w":0.8270317912101746},"size":2.5207512378692629,"orthographic":false}