{"cameraMode":{"drawMode":0,"name":"Shaded","section":"Shading Mode"},"sceneLighting":true,"audioPlay":false,"sceneViewState":{"m_AlwaysRefresh":false,"showFog":true,"showSkybox":true,"showFlares":true,"showImageEffects":true,"showParticleSystems":true,"showVisualEffectGraphs":true,"m_FxEnabled":true},"in2DMode":false,"pivot":{"x":1.1875371932983399,"y":0.9607477188110352,"z":-0.9399974346160889},"rotation":{"x":-0.0019131728913635016,"y":-0.9966866374015808,"z":0.07672416418790817,"w":-0.03143850713968277},"size":2.260589122772217,"orthographic":false}