{"cameraMode":{"drawMode":0,"name":"Shaded","section":"Shading Mode"},"sceneLighting":false,"audioPlay":false,"sceneViewState":{"m_AlwaysRefresh":false,"showFog":true,"showSkybox":false,"showFlares":true,"showImageEffects":true,"showParticleSystems":true,"showVisualEffectGraphs":true,"m_FxEnabled":true},"in2DMode":false,"pivot":{"x":-0.0017088651657104493,"y":0.0034422208555042745,"z":-0.0006835460662841797},"rotation":{"x":-0.07566391676664353,"y":-0.7430265545845032,"z":0.08537124842405319,"w":-0.6596463918685913},"size":0.36513909697532656,"orthographic":false}