{"cameraMode":{"drawMode":0,"name":"Shaded","section":"Shading Mode"},"sceneLighting":true,"audioPlay":false,"sceneViewState":{"m_AlwaysRefresh":false,"showFog":true,"showSkybox":true,"showFlares":true,"showImageEffects":true,"showParticleSystems":true,"showVisualEffectGraphs":true,"m_FxEnabled":true},"in2DMode":false,"pivot":{"x":0.37557995319366457,"y":1.5915470123291016,"z":0.46159541606903078},"rotation":{"x":0.0655260905623436,"y":-0.6079817414283752,"z":0.05048128962516785,"w":0.7896580696105957},"size":1.4006421566009522,"orthographic":false}